Blue,Green,Red,NIR,Change
0.4216,0.3851,0.3087,0.4789,0
0.2923,0.3403,0.3222,0.1069,1
0.5554,0.4512,0.0921,0.4629,0
0.6239,0.5248,0.5932,0.5503,0
0.1011,0.3614,0.2663,0.4236,0
0.3131,0.3505,0.4846,0.5013,0
0.266,0.4043,0.2662,0.0561,1
0.3658,0.3401,0.2914,0.3199,1
0.4059,0.4004,0.41,0.6437,0
0.3767,0.4455,0.6238,0.5501,0
0.5095,0.2942,0.1832,0.1516,1
0.2471,0.3618,0.3962,0.5733,0
0.3456,0.3121,0.2794,0.3658,1
0.639,0.5765,0.4773,0.3555,1
0.3688,0.5249,0.3518,0.2235,1
0.4432,0.4227,0.3768,0.4053,1
0.5053,0.3657,0.3515,0.224,1
0.4185,0.3993,0.5284,0.6271,0
0.4201,0.4146,0.3803,0.2259,1
0.474,0.5983,0.5033,0.2692,1
0.2304,0.1551,0.2078,0.4311,0
0.2528,0.3693,0.4894,0.1504,1
0.4277,0.431,0.1844,0.2967,1
0.3755,0.3385,0.331,0.6285,0
0.3564,0.5487,0.4259,0.5929,0
0.2383,0.3323,0.3751,0.5111,0
0.2744,0.4456,0.2817,0.5559,0
0.3686,0.2389,0.1895,0.1663,1
0.3162,0.3692,0.3848,0.1617,1
0.5793,0.5598,0.5508,0.6431,0
0.53,0.4665,0.2518,0.2086,1
0.2763,0.4914,0.333,0.6223,0
0.4319,0.4247,0.369,0.5026,1
0.4307,0.4104,0.3753,0.3023,1
0.5287,0.6595,0.3727,0.3346,1
0.2239,0.5033,0.3699,0.6622,0
0.3675,0.5843,0.5054,0.2341,1
0.3122,0.426,0.3499,0.5601,0
0.0799,0.3255,0.3504,0.4712,0
0.2518,0.0721,0.2413,0.5677,0
0.4429,0.4325,0.543,0.8661,0
0.6404,0.569,0.5136,0.2011,1
0.3452,0.6338,0.3591,0.2259,1
0.3781,0.3841,0.2696,0.4812,0
0.5272,0.5213,0.1175,0.2831,1
0.4405,0.3901,0.3156,0.453,0
0.3736,0.3907,0.3199,0.4154,0
0.3501,0.3821,0.2844,0.3794,1
0.3441,0.4378,0.2105,0.4439,0
0.0421,0.3265,0.3042,0.5522,0
0.2519,0.4351,0.5423,0.6484,0
0.5374,0.3512,0.4749,0.1382,1
0.4399,0.397,0.3043,0.2525,1
0.3482,0.3955,0.3825,0.6065,0
0.3285,0.3915,0.385,0.5341,0
0.5044,0.4753,0.4158,0.3071,1
0.3151,0.4409,0.2796,0.5268,0
0.3241,0.3863,0.4875,0.5757,0
0.3376,0.3175,0.4489,0.3567,0
0.4952,0.5058,0.3609,0.4279,1
0.283,0.3075,0.0898,0.1901,1
0.4675,0.4927,0.3454,0.546,0
0.3243,0.4056,0.3102,0.1975,1
0.2383,0.2492,0.2467,0.5501,0
0.2616,0.4101,0.3908,0.4467,0
0.4751,0.6737,0.4246,0.2813,1
0.4478,0.4985,0.6582,0.4025,0
0.3908,0.3612,0.4626,0.3252,1
0.403,0.5744,0.2169,0.3694,1
0.2132,0.303,0.3074,0.6085,0
0.2868,0.2274,0.3248,0.4392,0
0.4506,0.5243,0.2912,0.3508,1
0.4286,0.4814,0.4941,0.7154,0
0.4086,0.3766,0.3796,0.4567,0
0.3941,0.4171,0.4152,0.5238,1
0.5024,0.3444,0.5036,0.4762,0
0.2264,0.2521,0.4291,0.5734,0
0.1467,0.468,0.3666,0.466,0
0.383,0.4793,0.4022,0.2686,1
0.3263,0.3693,0.3224,0.575,0
0.4224,0.2767,0.3326,0.2034,1
0.3062,0.3735,0.4111,0.4962,0
0.2135,0.3733,0.3337,0.5437,0
0.3698,0.3847,0.4661,0.4376,1
0.3856,0.4436,0.3211,0.6288,0
0.3311,0.4754,0.4104,0.1732,1
0.3845,0.441,0.4062,0.1828,1
0.3439,0.3947,0.3936,0.5041,0
0.3068,0.2958,0.4501,0.6784,0
0.3079,0.3566,0.1797,0.1801,1
0.0354,0.3818,0.4105,0.5809,0
0.1524,0.2917,0.4607,0.521,0
0.4238,0.4838,0.5276,0.3574,1
0.396,0.4499,0.3435,0.3685,1
0.2527,0.2758,0.3188,0.5696,0
0.2708,0.3635,0.4009,0.2417,1
0.3024,0.3977,0.4193,0.6375,0
0.3162,0.4931,0.4093,0.6347,0
0.4725,0.4695,0.2049,0.1827,1
0.4912,0.5419,0.3438,0.1819,1
0.3961,0.4735,0.398,0.6686,0
0.515,0.4189,0.5884,0.7789,0
0.2142,0.2635,0.0949,0.179,1
0.1606,0.3721,0.37,0.5787,0
0.4182,0.5637,0.5842,0.5805,0
0.5282,0.2545,0.1192,0.2129,1
0.5641,0.6087,0.407,0.3083,1
0.2932,0.4442,0.4511,0.479,0
0.2734,0.4827,0.2408,0.2056,1
0.1956,0.2419,0.3874,0.433,0
0.2442,0.3067,0.3266,0.5444,0
0.2053,0.2695,0.1478,0.6835,0
0.3732,0.2326,0.4398,0.631,0
0.3288,0.3602,0.4981,0.5826,0
0.384,0.5253,0.3928,0.299,1
0.1717,0.3358,0.3674,0.5998,0
0.5349,0.2547,0.6161,0.4075,1
0.2953,0.3232,0.1788,0.5158,0
0.4883,0.3917,0.1994,0.2542,1
0.55,0.4224,0.3148,0.5426,0
0.2095,0.3854,0.2437,0.4033,1
0.4034,0.3355,0.3539,0.2615,1
0.2281,0.442,0.2377,0.3117,0
0.2865,0.4161,0.1161,0.2781,1
0.4815,0.6747,0.3185,0.7062,0
0.1318,0.3239,0.3924,0.5082,0
0.3001,0.344,0.3725,0.4076,0
0.4411,0.3055,0.4025,0.5525,0
0.2873,0.2368,0.3538,0.4434,0
0.2699,0.3528,0.4449,0.611,0
0.3182,0.3817,0.319,0.5831,0
0.3662,0.2806,0.3149,0.5133,0
0.3203,0.314,0.1696,0.1111,1
0.4266,0.3859,0.2806,0.5211,0
0.3145,0.359,0.1918,0.2514,1
0.4947,0.5464,0.4417,0.3048,1
0.379,0.4877,0.4186,0.7844,0
0.5203,0.3213,0.3004,0.1129,1
0.3271,0.3307,0.4344,0.6003,0
0.3754,0.1632,0.3573,0.3201,1
0.2691,0.3642,0.3893,0.5762,0
0.4703,0.2466,0.3005,0.1088,1
0.2385,0.3586,0.303,0.3098,1
0.3586,0.4613,0.5501,0.6285,0
0.2598,0.5822,0.2961,0.3891,0
0.3605,0.426,0.3637,0.0473,1
0.4351,0.5663,0.4614,0.3833,1
0.1535,0.3234,0.1901,0.4389,0
0.2293,0.2985,0.1984,0.5203,0
0.2219,0.3346,0.3182,0.3269,0
0.2965,0.3871,0.0976,0.3956,0
0.4577,0.5688,0.4521,0.2107,1
0.3196,0.3036,0.353,0.5578,0
0.3077,0.3058,0.3056,0.5149,0
0.1879,0.4137,0.1586,0.5897,0
0.1416,0.3085,0.5381,0.5544,0
0.3006,0.3247,0.1948,0.3135,1
0.3356,0.5086,0.4265,0.5003,0
0.5178,0.4523,0.4878,0.5679,0
0.2911,0.4205,0.3984,0.2608,1
0.3336,0.4627,0.228,0.1404,1
0.5663,0.4459,0.408,0.6982,0
0.284,0.4318,0.3558,0.4051,0
0.1264,0.2154,0.1777,0.322,0
0.2763,0.3557,0.4013,0.3045,1
0.2988,0.4917,0.5089,0.2942,1
0.2657,0.4288,0.3785,0.1254,1
0.4412,0.1605,0.42,0.1361,1
0.2798,0.2903,0.3062,0.4285,0
0.1863,0.4309,0.4253,0.3779,0
0.3174,0.3386,0.4214,0.4747,0
0.4596,0.4687,0.5296,0.7705,0
0.4878,0.4739,0.4861,0.5967,0
0.3397,0.2351,0.3987,0.5253,0
0.2191,0.2509,0.3652,0.5147,0
0.2435,0.1613,0.2768,0.493,0
0.2262,0.3226,0.2301,0.6732,0
0.0298,0.2144,0.2637,0.4314,0
0.5064,0.443,0.2932,0.341,1
0.3566,0.2913,0.2635,0.152,1
0.3198,0.167,0.3414,0.4936,0
0.4281,0.4347,0.5496,0.3554,1
0.4261,0.3148,0.2804,0.3758,1
0.3038,0.2783,0.4428,0.5778,0
0.3753,0.4005,0.2242,0.2361,1
0.5728,0.504,0.669,0.4034,1
0.201,0.3041,0.4252,0.5421,0
0.2316,0.5444,0.4041,0.5182,0
0.1496,0.3586,0.404,0.4486,0
0.1983,0.2388,0.3154,0.5069,0
0.5273,0.4434,0.4491,0.2003,1
0.2079,0.3256,0.4532,0.5628,0
0.5071,0.4337,0.4874,0.661,0
0.3968,0.4588,0.4047,0.1475,1
0.275,0.6507,0.4316,0.1286,1
0.3037,0.5095,0.1239,0.166,1
0.5385,0.4718,0.4406,0.4091,0
0.4216,0.2316,0.321,0.5855,0
0.3192,0.408,0.2187,0.2195,1
0.426,0.6675,0.3558,0.318,1
0.3579,0.0319,0.4448,0.6706,0
0.4266,0.4011,0.5015,0.4047,1
0.3666,0.3515,0.4665,0.7056,0
0.4173,0.3856,0.2199,0.2507,1
0.5426,0.2752,0.2775,0.2176,1
0.397,0.517,0.3527,0.559,0
0.3604,0.3606,0.2857,0.6698,0
0.1967,0.352,0.2839,0.4522,0
0.2252,0.5287,0.1868,0.3046,1
0.3477,0.4654,0.4353,0.6238,0
0.1308,0.2486,0.1764,0.5052,0
0.4401,0.4799,0.3123,0.3962,1
0.4648,0.4019,0.3359,0.4548,0
0.1757,0.4587,0.2717,0.6513,0
0.1607,0.3739,0.2755,0.4967,0
0.4011,0.4156,0.2347,0.166,1
0.3679,0.3904,0.3944,0.4884,0
0.1974,0.2943,0.3334,0.5222,0
0.3237,0.5087,0.292,0.4386,0
0.3263,0.4388,0.254,0.3564,1
0.5253,0.4797,0.3059,0.3767,1
0.5024,0.6051,0.2922,0.3707,1
0.2433,0.3443,0.5718,0.4507,0
0.094,0.1172,0.3212,0.4663,0
0.4699,0.5842,0.489,0.2853,1
0.2584,0.3443,0.2685,0.4009,0
0.271,0.4443,0.429,0.6313,0
0.3247,0.3412,0.3027,0.3614,1
0.3529,0.4493,0.2934,0.3957,1
0.3847,0.366,0.3326,0.7971,0
0.0667,0.3206,0.3566,0.4637,0
0.3658,0.3744,0.4631,0.5944,0
0.1476,0.1355,0.1762,0.4197,0
0.3076,0.3566,0.3046,0.6171,0
0.355,0.3868,0.3709,0.6599,0
0.2823,0.4898,0.233,0.01,1
0.3148,0.4527,0.2811,0.2549,1
0.1836,0.2174,0.3083,0.4356,0
0.36,0.4928,0.364,0.3292,1
0.3418,0.4591,0.3849,0.5421,0
